{"cameraMode":{"drawMode":0,"name":"Shaded","section":"Shading Mode"},"sceneLighting":true,"audioPlay":false,"sceneViewState":{"m_AlwaysRefresh":false,"showFog":true,"showSkybox":true,"showFlares":true,"showImageEffects":true,"showParticleSystems":true,"showVisualEffectGraphs":true,"m_FxEnabled":false},"in2DMode":false,"pivot":{"x":-15.010638236999512,"y":4.785902976989746,"z":22.921733856201173},"rotation":{"x":-0.23408769071102143,"y":0.2382914423942566,"z":-0.05939176678657532,"w":-0.9407622814178467},"size":19.594255447387697,"orthographic":false}