{"cameraMode":{"drawMode":0,"name":"Shaded","section":"Shading Mode"},"sceneLighting":true,"audioPlay":false,"sceneViewState":{"m_AlwaysRefresh":false,"showFog":true,"showSkybox":true,"showFlares":true,"showImageEffects":true,"showParticleSystems":true,"showVisualEffectGraphs":true,"m_FxEnabled":false},"in2DMode":false,"pivot":{"x":-6.7158355712890629,"y":2.2298665046691896,"z":2.2572035789489748},"rotation":{"x":0.3766775131225586,"y":0.03189052268862724,"z":-0.013120581395924092,"w":0.925849199295044},"size":5.808083534240723,"orthographic":false}