{"cameraMode":{"drawMode":0,"name":"Shaded","section":"Shading Mode"},"sceneLighting":true,"audioPlay":false,"sceneViewState":{"m_AlwaysRefresh":false,"showFog":true,"showSkybox":true,"showFlares":true,"showImageEffects":true,"showParticleSystems":true,"showVisualEffectGraphs":true,"m_FxEnabled":false},"in2DMode":false,"pivot":{"x":-18.311748504638673,"y":1.5404870510101319,"z":13.037782669067383},"rotation":{"x":-0.11574526131153107,"y":-0.8379490375518799,"z":0.1951816827058792,"w":-0.49647435545921328},"size":3.3364593982696535,"orthographic":false}