{"cameraMode":{"drawMode":0,"name":"Shaded","section":"Shading Mode"},"sceneLighting":true,"audioPlay":false,"sceneViewState":{"m_AlwaysRefresh":false,"showFog":true,"showSkybox":true,"showFlares":true,"showImageEffects":true,"showParticleSystems":true,"showVisualEffectGraphs":true,"m_FxEnabled":false},"in2DMode":false,"pivot":{"x":-18.713390350341798,"y":1.6000003814697266,"z":13.294310569763184},"rotation":{"x":-0.10958553850650788,"y":0.8843843340873718,"z":-0.26144182682037356,"w":-0.37101680040359499},"size":21.726179122924806,"orthographic":false}