{"cameraMode":{"drawMode":0,"name":"Shaded","section":"Shading Mode"},"sceneLighting":true,"audioPlay":false,"sceneViewState":{"m_AlwaysRefresh":false,"showFog":true,"showSkybox":true,"showFlares":true,"showImageEffects":true,"showParticleSystems":true,"showVisualEffectGraphs":true,"m_FxEnabled":false},"in2DMode":false,"pivot":{"x":-8.609582901000977,"y":-1.2913826704025269,"z":5.121291160583496},"rotation":{"x":-0.061631474643945697,"y":0.8912482857704163,"z":-0.43148285150527956,"w":-0.12691724300384522},"size":2.3895974159240724,"orthographic":false}