{"cameraMode":{"drawMode":0,"name":"Shaded","section":"Shading Mode"},"sceneLighting":false,"audioPlay":false,"sceneViewState":{"m_AlwaysRefresh":false,"showFog":false,"showSkybox":false,"showFlares":false,"showImageEffects":false,"showParticleSystems":false,"showVisualEffectGraphs":true,"m_FxEnabled":false},"in2DMode":false,"pivot":{"x":-0.000009953975677490234,"y":0.8359147906303406,"z":-0.02897266298532486},"rotation":{"x":-0.11574526131153107,"y":-0.8379490375518799,"z":0.1951816827058792,"w":-0.49647435545921328},"size":1.3413318395614625,"orthographic":false}