{"cameraMode":{"drawMode":0,"name":"Shaded","section":"Shading Mode"},"sceneLighting":false,"audioPlay":false,"sceneViewState":{"m_AlwaysRefresh":false,"showFog":false,"showSkybox":false,"showFlares":false,"showImageEffects":false,"showParticleSystems":false,"showVisualEffectGraphs":true,"m_FxEnabled":false},"in2DMode":false,"pivot":{"x":-0.5031094551086426,"y":1.0477814674377442,"z":-0.6552625894546509},"rotation":{"x":0.011153274215757847,"y":-0.9829913377761841,"z":0.17217901349067689,"w":0.06378565728664398},"size":1.1780872344970704,"orthographic":false}