{"cameraMode":{"drawMode":0,"name":"Shaded","section":"Shading Mode"},"sceneLighting":false,"audioPlay":false,"sceneViewState":{"m_AlwaysRefresh":false,"showFog":false,"showSkybox":false,"showFlares":false,"showImageEffects":false,"showParticleSystems":false,"showVisualEffectGraphs":true,"m_FxEnabled":false},"in2DMode":false,"pivot":{"x":-0.26809626817703249,"y":1.0081839561462403,"z":0.020434990525245668},"rotation":{"x":0.054611194878816608,"y":-0.934781551361084,"z":0.3101908564567566,"w":0.16460025310516358},"size":1.563633680343628,"orthographic":false}